bowler,total_overs,total_runs,avg_economy,death_over,over,wide_runs,WoPerOver,noball_runs,NoPerOver,powerplay_over,wickets,values
JJ Bumrah,117,866,7.4017094017094,51,117,16,0.136752136752136,6,0.0512820512820512,38,38,0.48604267992416716
HH Pandya,86,833,9.6860465116279,20,86,26,0.302325581395348,2,0.0232558139534883,21,35,0.48510768443393665
Rashid Khan,129,889,6.89147286821705,30,129,9,0.0697674418604651,0,0.0,13,42,0.46650586139147754
DJ Bravo,96,918,9.5625,48,96,31,0.322916666666666,2,0.0208333333333333,1,31,0.46253470234633853
AJ Tye,78,725,9.29487179487179,32,78,20,0.256410256410256,2,0.0256410256410256,21,31,0.4483510203215692
DL Chahar,104,806,7.75,10,104,27,0.259615384615384,5,0.048076923076923,83,32,0.43637278469079926
UT Yadav,92,838,9.10869565217391,17,92,20,0.217391304347826,3,0.0326086956521739,52,29,0.43212737446441274
S Kaul,93,826,8.88172043010752,35,93,10,0.10752688172043,3,0.032258064516129,20,30,0.4294697730981336
SN Thakur,77,749,9.72727272727272,31,77,25,0.324675324675324,0,0.0,32,26,0.419833855460627
JD Unadkat,89,916,10.2921348314606,34,89,19,0.213483146067415,1,0.0112359550561797,23,23,0.40847305817912766
R Vinay Kumar,4,67,16.75,2,4,1,0.25,1,0.25,2,2,0.4078089251803595
YS Chahal,100,816,8.16,13,100,26,0.26,3,0.03,26,30,0.4014000771184284
TA Boult,72,668,9.27777777777777,26,72,18,0.25,1,0.0138888888888888,38,25,0.39787608295171617
J Archer,83,676,8.14457831325301,37,83,18,0.216867469879518,3,0.036144578313253,31,27,0.3943529604844717
Mohammed Shami,68,639,9.39705882352941,26,68,9,0.13235294117647,1,0.0147058823529411,27,25,0.3914031209680349
SP Narine,106,854,8.0566037735849,24,106,16,0.150943396226415,0,0.0,33,28,0.3852528907249418
B Kumar,106,854,8.0566037735849,40,106,20,0.188679245283018,3,0.0283018867924528,56,24,0.3824711533425599
AD Russell,69,667,9.66666666666666,16,69,12,0.17391304347826,1,0.0144927536231884,22,24,0.3815746455228743
Imran Tahir,86,654,7.60465116279069,17,86,7,0.0813953488372093,0,0.0,2,32,0.38054504579139425
K Rabada,48,401,8.35416666666666,24,48,12,0.25,0,0.0,17,28,0.3797927428037942
S Gopal,79,598,7.56962025316455,7,79,2,0.0253164556962025,1,0.0126582278481012,6,32,0.3732550786369027
Mohammed Siraj,70,686,9.8,30,70,34,0.485714285714285,2,0.0285714285714285,13,20,0.371839458269406
R Ashwin,106,839,7.91509433962264,13,106,23,0.216981132075471,0,0.0,19,28,0.36826984027847065
KC Cariappa,2,35,17.5,0,2,1,0.5,0,0.0,1,0,0.36730484437751004
SL Malinga,46,477,10.3695652173913,21,46,9,0.195652173913043,2,0.0434782608695652,19,18,0.35590261189850875
PP Chawla,94,838,8.91489361702127,13,94,1,0.0106382978723404,0,0.0,32,23,0.3510328122323701
P Krishna,69,685,9.92753623188406,27,69,18,0.260869565217391,4,0.0579710144927536,31,16,0.3464903935039786
CH Morris,47,486,10.3404255319148,20,47,9,0.191489361702127,2,0.0425531914893617,17,16,0.3365357218079958
Harbhajan Singh,76,597,7.85526315789473,3,76,9,0.118421052631578,0,0.0,33,25,0.33259001548585365
K Ahmed,38,351,9.23684210526315,10,38,14,0.368421052631578,0,0.0,21,20,0.33022260197613484
RA Jadeja,95,681,7.16842105263157,13,95,10,0.105263157894736,0,0.0,8,27,0.3290898773111016
MK Tiwary,1,13,13.0,0,1,3,3.0,0,0.0,0,0,0.32884615384615384
Kuldeep Yadav,85,726,8.54117647058823,9,85,12,0.141176470588235,0,0.0,4,23,0.32728498836976855
S Midhun,2,32,16.0,0,2,1,0.5,0,0.0,0,0,0.3264383012820513
MJ McClenaghan,58,513,8.84482758620689,10,58,20,0.344827586206896,1,0.0172413793103448,34,19,0.3233869188134969
KH Pandya,87,641,7.36781609195402,11,87,10,0.114942528735632,0,0.0,23,25,0.32252447253256
AS Rajpoot,43,414,9.62790697674418,7,43,8,0.186046511627906,7,0.162790697674418,26,14,0.3180682071387726
BA Stokes,54,540,10.0,16,54,16,0.296296296296296,2,0.037037037037037,13,15,0.31745620354301396
CJ Anderson,9,124,13.7777777777777,6,9,5,0.555555555555555,0,0.0,0,5,0.315927392324449
M Ur Rahman,61,513,8.40983606557376,11,61,23,0.377049180327868,0,0.0,20,18,0.2954741283582514
R Salam,4,45,11.25,1,4,1,0.25,2,0.5,2,0,0.2922810217112795
BB Sran,26,301,11.576923076923,7,26,15,0.576923076923076,2,0.0769230769230769,14,6,0.29129136302431935
TG Southee,38,410,10.7894736842105,13,38,16,0.421052631578947,1,0.0263157894736842,22,9,0.2902099674896292
A Mishra,77,545,7.07792207792207,7,77,7,0.0909090909090909,0,0.0,2,23,0.28243161560268204
MM Sharma,34,369,10.8529411764705,13,34,6,0.176470588235294,2,0.0588235294117647,15,8,0.2779356935661173
N Saini,48,434,9.04166666666666,15,48,6,0.125,5,0.104166666666666,23,12,0.2774684342573913
A Singh,10,130,13.0,2,10,5,0.5,0,0.0,7,3,0.27686119193970454
Shakib Al Hasan,69,562,8.14492753623188,6,69,6,0.0869565217391304,0,0.0,17,18,0.27455486859892836
DS Kulkarni,55,543,9.87272727272727,6,55,15,0.272727272727272,1,0.0181818181818181,40,10,0.27313144649763166
HV Patel,26,263,10.1153846153846,7,26,14,0.538461538461538,1,0.0384615384615384,6,10,0.2724458032705129
B Laughlin,21,221,10.5238095238095,9,21,7,0.333333333333333,1,0.0476190476190476,6,9,0.27088979760887927
CR Woakes,19,210,11.0526315789473,9,19,8,0.421052631578947,0,0.0,8,8,0.2708455036507048
S Curran,34,336,9.88235294117647,13,34,8,0.235294117647058,1,0.0294117647058823,10,11,0.2704732646649947
K Paul,28,261,9.32142857142857,9,28,15,0.535714285714285,5,0.178571428571428,1,9,0.27013862211937584
T Curran,11,121,11.0,4,11,1,0.0909090909090909,2,0.181818181818181,2,6,0.2700575497175867
M Markande,50,448,8.96,7,50,5,0.1,0,0.0,0,16,0.26989003582202115
J Searles,7,92,13.1428571428571,1,7,3,0.428571428571428,0,0.0,1,2,0.26584843008102105
H Viljoen,23,248,10.7826086956521,7,23,12,0.521739130434782,0,0.0,6,8,0.2650243905486178
KM Asif,6,77,12.8333333333333,1,6,2,0.333333333333333,0,0.0,4,3,0.2639633600389483
I Sharma,46,391,8.5,7,46,12,0.260869565217391,0,0.0,34,14,0.26196161477999347
P R Barman,4,56,14.0,1,4,0,0.0,0,0.0,0,0,0.257022294494721
Ankit Sharma,3,33,11.0,0,3,0,0.0,1,0.333333333333333,1,1,0.2507944277108433
S Mavi,28,288,10.2857142857142,7,28,11,0.392857142857142,1,0.0357142857142857,13,7,0.2503146656600522
S Sharma,43,367,8.53488372093023,13,43,9,0.209302325581395,0,0.0,13,13,0.24696520098599167
S Nadeem,24,257,10.7083333333333,1,24,2,0.0833333333333333,0,0.0,9,8,0.24530729346496002
S Lamichhane,35,303,8.65714285714285,5,35,1,0.0285714285714285,0,0.0,12,14,0.2445593256996958
VR Aaron,12,142,11.8333333333333,2,12,2,0.166666666666666,0,0.0,7,4,0.24298565775166941
AR Patel,77,599,7.77922077922077,8,77,3,0.0389610389610389,0,0.0,16,15,0.2404457677628299
M Wood,4,52,13.0,2,4,1,0.25,0,0.0,0,0,0.23921686463046754
K Gowtham,60,512,8.53333333333333,1,60,5,0.0833333333333333,0,0.0,34,12,0.23775612726168616
Sandeep Sharma,44,344,7.81818181818181,2,44,9,0.204545454545454,0,0.0,25,14,0.23315608304257732
Avesh Khan,22,240,10.9090909090909,3,22,3,0.136363636363636,1,0.0454545454545454,14,4,0.23190332365042207
P Raj,5,60,12.0,0,5,3,0.6,0,0.0,2,1,0.231845265678097
Mandeep Singh,2,26,13.0,0,2,0,0.0,0,0.0,0,0,0.22900240384615383
L Livingstone,1,13,13.0,0,1,0,0.0,0,0.0,0,0,0.22884615384615384
A Joseph,9,94,10.4444444444444,2,9,3,0.333333333333333,0,0.0,4,6,0.2259001844481988
O Thomas,10,94,9.4,2,10,1,0.1,2,0.2,6,5,0.22278952063911756
L Ferguson,17,192,11.2941176470588,7,17,5,0.294117647058823,0,0.0,7,2,0.22075283032582757
Washington Sundar,29,278,9.58620689655172,2,29,6,0.206896551724137,0,0.0,7,8,0.21981667934023486
Yuvraj Singh,2,24,12.0,0,2,1,0.5,0,0.0,0,0,0.2187459935897436
Basil Thampi,23,238,10.3478260869565,7,23,1,0.0434782608695652,1,0.0434782608695652,1,5,0.21866268956407908
H Gurney,27,247,9.14814814814814,9,27,6,0.222222222222222,1,0.037037037037037,11,7,0.21471312663928693
Mustafizur Rahman,28,236,8.42857142857142,11,28,0,0.0,2,0.0714285714285714,8,9,0.211756567722084
A Dananjaya,4,48,12.0,0,4,1,0.25,0,0.0,1,0,0.21120708796725363
V Shankar,13,135,10.3846153846153,3,13,6,0.461538461538461,1,0.0769230769230769,0,2,0.2100957912750876
MG Johnson,21,227,10.8095238095238,7,21,7,0.333333333333333,0,0.0,7,2,0.20963826270390734
SR Watson,28,261,9.32142857142857,3,28,8,0.285714285714285,0,0.0,11,7,0.20953773116058277
CR Brathwaite,14,133,9.5,5,14,6,0.428571428571428,0,0.0,1,6,0.20533584523939324
J Dala,3,35,11.6666666666666,0,3,1,0.333333333333333,0,0.0,1,0,0.20485425677067062
JP Duminy,3,36,12.0,0,3,0,0.0,0,0.0,2,0,0.20319943234476368
V Chakravarthy,3,35,11.6666666666666,0,3,0,0.0,0,0.0,1,1,0.20207647899289286
K Khejroliya,16,166,10.375,3,16,6,0.375,0,0.0,3,3,0.20181555123207767
C de Grandhomme,20,202,10.1,2,20,12,0.6,0,0.0,0,3,0.20030660822021112
BCJ Cutting,19,200,10.5263157894736,5,19,3,0.157894736842105,0,0.0,1,3,0.19972611779578192
L Ngidi,26,175,6.73076923076923,10,26,7,0.269230769230769,0,0.0,15,13,0.196345166822878
MP Stoinis,28,274,9.78571428571428,4,28,3,0.107142857142857,0,0.0,1,5,0.1953837201585915
M Ali,39,272,6.97435897435897,4,39,3,0.0769230769230769,0,0.0,5,13,0.18899918635558582
P Negi,16,157,9.8125,2,16,3,0.1875,0,0.0,1,4,0.18700648464900327
KV Sharma,13,125,9.61538461538461,3,13,1,0.0769230769230769,0,0.0,0,5,0.18618060389836388
L Plunkett,25,235,9.4,8,25,4,0.16,0,0.0,7,4,0.1839877473695688
RD Chahar,47,317,6.74468085106383,1,47,5,0.106382978723404,0,0.0,7,13,0.18365845554645657
DW Steyn,8,79,9.875,2,8,0,0.0,0,0.0,6,4,0.18359881551091242
J Behrendorff,19,174,9.1578947368421,1,19,3,0.157894736842105,0,0.0,13,5,0.18219655682745256
M Ashwin,41,325,7.92682926829268,4,41,10,0.24390243902439,1,0.024390243902439,1,8,0.1818047673532669
Anureet Singh,4,42,10.5,0,4,0,0.0,0,0.0,0,2,0.1786738782051282
D Willey,10,98,9.8,3,10,1,0.1,0,0.0,4,2,0.16837920971215178
S Rutherford,7,66,9.42857142857142,1,7,5,0.714285714285714,0,0.0,0,1,0.16655697856065482
DT Christian,12,111,9.25,4,12,0,0.0,0,0.0,1,4,0.1665558813307529
N Rana,15,121,8.06666666666666,1,15,3,0.2,0,0.0,3,7,0.16544323788366114
Mohammad Nabi,35,255,7.28571428571428,3,35,0,0.0,0,0.0,16,9,0.16537628454996442
PJ Sangwan,2,21,10.5,0,2,0,0.0,0,0.0,2,0,0.1626585669601483
STR Binny,9,81,9.0,0,9,2,0.222222222222222,1,0.111111111111111,3,1,0.1618125922493392
B Stanlake,16,134,8.375,1,16,4,0.25,0,0.0,8,5,0.16131040848916028
R Tewatia,29,220,7.58620689655172,4,29,3,0.103448275862068,0,0.0,1,8,0.1611993108179322
CJ Jordan,4,40,10.0,1,4,1,0.25,0,0.0,2,0,0.15862717555743336
M Santner,14,105,7.5,2,14,10,0.714285714285714,1,0.0714285714285714,4,4,0.15772539049215606
GJ Maxwell,16,134,8.375,1,16,2,0.125,0,0.0,6,5,0.15617988640080688
S Kuggeleijn,8,73,9.125,4,8,2,0.25,0,0.0,1,2,0.15423216338203494
DJ Hooda,5,48,9.6,0,5,1,0.2,0,0.0,0,0,0.14459935897435897
I Sodhi,31,207,6.67741935483871,2,31,1,0.032258064516129,0,0.0,2,9,0.14191808047399057
H Brar,5,48,9.6,0,5,0,0.0,0,0.0,2,0,0.13889654772937907
R Parag,14,121,8.64285714285714,0,14,0,0.0,0,0.0,1,2,0.13071830591597153
D Short,3,27,9.0,0,3,0,0.0,0,0.0,0,1,0.12979967948717946
A Roy,2,14,7.0,0,2,3,1.5,0,0.0,0,1,0.12579727564102566
M Lomror,3,27,9.0,0,3,0,0.0,0,0.0,0,0,0.12146634615384613
H Vihari,1,9,9.0,0,1,0,0.0,0,0.0,0,0,0.12115384615384614
S Warrier,12,88,7.33333333333333,0,12,0,0.0,1,0.0833333333333333,9,2,0.1156714840129749
J Yadav,7,51,7.28571428571428,0,7,0,0.0,1,0.142857142857142,3,1,0.11428804503729169
J Suchith,4,28,7.0,0,4,0,0.0,0,0.0,2,2,0.08540696439604574
YK Pathan,3,22,7.33333333333333,0,3,0,0.0,0,0.0,0,1,0.08492788461538453
SN Khan,1,6,6.0,1,1,0,0.0,0,0.0,0,0,0.04116892911010559
SK Raina,1,6,6.0,0,1,0,0.0,0,0.0,0,0,0.040384615384615394
S Dube,2,9,4.5,1,2,1,0.5,0,0.0,0,0,0.017607230392156864
